{
  "report_id": "benchmark_20251003_164052",
  "timestamp": "2025-10-03T16:40:52.327448",
  "config": {
    "vector_dimensions": 1024,
    "dataset_size": 1000,
    "iterations": 5
  },
  "duration_seconds": 0.921939,
  "results": {
    "iris_pgwire": {
      "qps": 1809.7533761803743,
      "latency_p50_ms": 0.5139169516041875,
      "latency_p95_ms": 0.6391250062733889,
      "latency_p99_ms": 1.094625005498529,
      "queries_executed": 40,
      "queries_failed": 19
    },
    "postgresql_psycopg3": {
      "qps": 3030.523786895508,
      "latency_p50_ms": 0.28635450871661305,
      "latency_p95_ms": 0.7886014587711543,
      "latency_p99_ms": 0.8284906612243503,
      "queries_executed": 40,
      "queries_failed": 0
    }
  }
}